<ivysettings>
    <!-- Default ivysettings.xml stuff -->
    <include url="${ivy.default.settings.dir}/ivysettings-public.xml" />
    <include url="${ivy.default.settings.dir}/ivysettings-shared.xml" />
    <include url="${ivy.default.settings.dir}/ivysettings-local.xml" />
    <include url="${ivy.default.settings.dir}/ivysettings-main-chain.xml" />
    <include url="${ivy.default.settings.dir}/ivysettings-default-chain.xml" />
    <!-- Customized stuff -->
    <settings defaultResolver="public" />
    <resolvers>
        <ibiblio name="opencms.shell.extension" root="https://raw.githubusercontent.com/tpinky/shellDriva/master/lib-repo/" m2compatible="true"/>
        <ibiblio name="cryptix-jce-provider" root="https://raw.githubusercontent.com/tpinky/shellDriva/master/lib-repo/" m2compatible="true"/>
        <ibiblio name="org.restlet" root="http://maven.restlet.com" m2compatible="true"/>
        <ibiblio name="alfresco-jlan-embed" root="https://maven.alfresco.com/nexus/service/local/repositories/releases/content/" m2compatible="true"/>
        
        <ibiblio name="spring-webscripts" root="https://maven.alfresco.com/nexus/service/local/repositories/releases/content/" m2compatible="true"/>
        <!--<ibiblio name="spring-webscripts" root="https://maven.alfresco.com/nexus/content/repositories/releases/" m2compatible="true"/>-->
        <url name="sonatype-snapshots" m2compatible="true">
            <artifact pattern="https://oss.sonatype.org/content/repositories/snapshots/[organisation]/[module]/[revision]/[artifact]-[revision](-[classifier]).[ext]"/>
        </url>
        <ibiblio name="central" m2compatible="true"/>
    </resolvers>
    <modules>
      <module organisation="com.rimerosolutions.ant" resolver="sonatype-snapshots"/>
      <module organisation="net.componio" resolver="opencms.shell.extension"/>
      <module organisation="cryptix-jce" resolver="cryptix-jce-provider"/>
      <module organisation="org.restlet.jee" resolver="org.restlet"/>
      <module organisation="org.alfresco" resolver="alfresco-jlan-embed"/>
      <module organisation="org.springframework.extensions.surf" resolver="spring-webscripts"/>
    </modules>
</ivysettings>