<?xml version="1.0" encoding="UTF-8"?>

<export>
	<info>
		<creator>Admin</creator>
		<opencms_version>10.0.0</opencms_version>
		<createdate>Thu, 08 Sep 2016 06:28:21 GMT</createdate>
		<infoproject>Offline</infoproject>
		<export_version>10</export_version>
	</info>
	<module>
		<name>opencms.maven.project.template</name>
		<nicename/>
		<class/>
		<export-mode name="default"/>
		<description/>
		<version>1.0</version>
		<authorname/>
		<authoremail/>
		<datecreated/>
		<userinstalled/>
		<dateinstalled/>
		<dependencies/>
		<exportpoints>
			<exportpoint uri="/system/modules/opencms.maven.project.template/lib/" destination="WEB-INF/lib/"/>
			<exportpoint uri="/system/modules/opencms.maven.project.template/classes/" destination="WEB-INF/classes/"/>
		</exportpoints>
		<resources>
			<resource uri="/system/modules/opencms.maven.project.template/"/>
		</resources>
		<excluderesources/>
		<parameters/>
	</module>
	<files>
		<file>
			<destination>system</destination>
			<type>folder</type>
			<uuidstructure>54808fb8-71f0-11e6-ae01-acbc32cca443</uuidstructure>
			<datelastmodified>Sat, 03 Sep 2016 16:06:10 GMT</datelastmodified>
			<userlastmodified>Admin</userlastmodified>
			<datecreated>Sat, 03 Sep 2016 16:06:10 GMT</datecreated>
			<usercreated>Admin</usercreated>
			<flags>0</flags>
			<properties/>
			<relations/>
			<accesscontrol>
				<accessentry>
					<uuidprincipal>ROLE.WORKPLACE_USER</uuidprincipal>
					<flags>514</flags>
					<permissionset>
						<allowed>1</allowed>
						<denied>0</denied>
					</permissionset>
				</accessentry>
			</accesscontrol>
		</file>
		<file>
			<destination>system/modules</destination>
			<type>folder</type>
			<uuidstructure>55975724-71f0-11e6-ae01-acbc32cca443</uuidstructure>
			<datelastmodified>Sat, 03 Sep 2016 16:06:12 GMT</datelastmodified>
			<userlastmodified>Admin</userlastmodified>
			<datecreated>Sat, 03 Sep 2016 16:06:12 GMT</datecreated>
			<usercreated>Admin</usercreated>
			<flags>0</flags>
			<properties/>
			<relations/>
			<accesscontrol>
				<accessentry>
					<uuidprincipal>ROLE.WORKPLACE_USER</uuidprincipal>
					<flags>514</flags>
					<permissionset>
						<allowed>5</allowed>
						<denied>0</denied>
					</permissionset>
				</accessentry>
			</accesscontrol>
		</file>
		<file>
			<destination>system/modules/opencms.maven.project.template</destination>
			<type>folder</type>
			<uuidstructure>bb3d7873-72df-11e6-a32a-acbc32cca443</uuidstructure>
			<datelastmodified>Sun, 04 Sep 2016 20:39:52 GMT</datelastmodified>
			<userlastmodified>Admin</userlastmodified>
			<datecreated>Sun, 04 Sep 2016 20:39:52 GMT</datecreated>
			<usercreated>Admin</usercreated>
			<flags>0</flags>
			<properties/>
			<relations/>
			<accesscontrol/>
		</file>
		<file>
			<source>system/modules/opencms.maven.project.template/.config</source>
			<destination>system/modules/opencms.maven.project.template/.config</destination>
			<type>module_config</type>
			<uuidstructure>bb5dd1cb-72df-11e6-a32a-acbc32cca443</uuidstructure>
			<uuidresource>bb5dd1cc-72df-11e6-a32a-acbc32cca443</uuidresource>
			<datelastmodified>Sun, 04 Sep 2016 20:50:02 GMT</datelastmodified>
			<userlastmodified>Admin</userlastmodified>
			<datecreated>Sun, 04 Sep 2016 20:39:52 GMT</datecreated>
			<usercreated>Admin</usercreated>
			<flags>0</flags>
			<properties>
				<property>
					<name>locale</name>
					<value><![CDATA[en]]></value>
				</property>
				<property>
					<name>locale-available</name>
					<value><![CDATA[en]]></value>
				</property>
				<property>
					<name>search.exclude</name>
					<value><![CDATA[all]]></value>
				</property>
			</properties>
			<relations/>
			<accesscontrol/>
		</file>
		<file>
			<destination>system/modules/opencms.maven.project.template/classes</destination>
			<type>folder</type>
			<uuidstructure>bb52d541-72df-11e6-a32a-acbc32cca443</uuidstructure>
			<datelastmodified>Sun, 04 Sep 2016 20:39:52 GMT</datelastmodified>
			<userlastmodified>Admin</userlastmodified>
			<datecreated>Sun, 04 Sep 2016 20:39:52 GMT</datecreated>
			<usercreated>Admin</usercreated>
			<flags>0</flags>
			<properties/>
			<relations/>
			<accesscontrol/>
		</file>
		<file>
			<destination>system/modules/opencms.maven.project.template/classes/opencms</destination>
			<type>folder</type>
			<uuidstructure>bb540dc3-72df-11e6-a32a-acbc32cca443</uuidstructure>
			<datelastmodified>Sun, 04 Sep 2016 20:39:52 GMT</datelastmodified>
			<userlastmodified>Admin</userlastmodified>
			<datecreated>Sun, 04 Sep 2016 20:39:52 GMT</datecreated>
			<usercreated>Admin</usercreated>
			<flags>0</flags>
			<properties/>
			<relations/>
			<accesscontrol/>
		</file>
		<file>
			<destination>system/modules/opencms.maven.project.template/classes/opencms/maven</destination>
			<type>folder</type>
			<uuidstructure>bb55bb75-72df-11e6-a32a-acbc32cca443</uuidstructure>
			<datelastmodified>Sun, 04 Sep 2016 20:39:52 GMT</datelastmodified>
			<userlastmodified>Admin</userlastmodified>
			<datecreated>Sun, 04 Sep 2016 20:39:52 GMT</datecreated>
			<usercreated>Admin</usercreated>
			<flags>0</flags>
			<properties/>
			<relations/>
			<accesscontrol/>
		</file>
		<file>
			<destination>system/modules/opencms.maven.project.template/classes/opencms/maven/project</destination>
			<type>folder</type>
			<uuidstructure>bb574217-72df-11e6-a32a-acbc32cca443</uuidstructure>
			<datelastmodified>Sun, 04 Sep 2016 20:39:52 GMT</datelastmodified>
			<userlastmodified>Admin</userlastmodified>
			<datecreated>Sun, 04 Sep 2016 20:39:52 GMT</datecreated>
			<usercreated>Admin</usercreated>
			<flags>0</flags>
			<properties/>
			<relations/>
			<accesscontrol/>
		</file>
		<file>
			<destination>system/modules/opencms.maven.project.template/classes/opencms/maven/project/template</destination>
			<type>folder</type>
			<uuidstructure>bb58efc9-72df-11e6-a32a-acbc32cca443</uuidstructure>
			<datelastmodified>Sun, 04 Sep 2016 20:39:52 GMT</datelastmodified>
			<userlastmodified>Admin</userlastmodified>
			<datecreated>Sun, 04 Sep 2016 20:39:52 GMT</datecreated>
			<usercreated>Admin</usercreated>
			<flags>0</flags>
			<properties/>
			<relations/>
			<accesscontrol/>
		</file>
		<file>
			<source>system/modules/opencms.maven.project.template/classes/opencms/maven/project/template/TestCl.class</source>
			<destination>system/modules/opencms.maven.project.template/classes/opencms/maven/project/template/TestCl.class</destination>
			<type>binary</type>
			<uuidstructure>b52d6c90-7538-11e6-931b-acbc32cca443</uuidstructure>
			<uuidresource>b52d6c91-7538-11e6-931b-acbc32cca443</uuidresource>
			<datelastmodified>Thu, 08 Sep 2016 05:33:04 GMT</datelastmodified>
			<userlastmodified>Admin</userlastmodified>
			<datecreated>Wed, 07 Sep 2016 20:21:49 GMT</datecreated>
			<usercreated>Admin</usercreated>
			<flags>0</flags>
			<properties/>
			<relations/>
			<accesscontrol/>
		</file>
		<file>
			<destination>system/modules/opencms.maven.project.template/doc</destination>
			<type>folder</type>
			<uuidstructure>b4492de0-74eb-11e6-bc6f-acbc32cca443</uuidstructure>
			<datelastmodified>Wed, 07 Sep 2016 11:10:37 GMT</datelastmodified>
			<userlastmodified>Admin</userlastmodified>
			<datecreated>Wed, 07 Sep 2016 11:10:37 GMT</datecreated>
			<usercreated>Admin</usercreated>
			<flags>0</flags>
			<properties/>
			<relations/>
			<accesscontrol/>
		</file>
		<file>
			<source>system/modules/opencms.maven.project.template/doc/touch.txt</source>
			<destination>system/modules/opencms.maven.project.template/doc/touch.txt</destination>
			<type>plain</type>
			<uuidstructure>b44b29b2-74eb-11e6-bc6f-acbc32cca443</uuidstructure>
			<uuidresource>b44b29b3-74eb-11e6-bc6f-acbc32cca443</uuidresource>
			<datelastmodified>Wed, 07 Sep 2016 09:16:24 GMT</datelastmodified>
			<userlastmodified>Admin</userlastmodified>
			<datecreated>Wed, 07 Sep 2016 11:10:37 GMT</datecreated>
			<usercreated>Admin</usercreated>
			<flags>0</flags>
			<properties/>
			<relations/>
			<accesscontrol/>
		</file>
		<file>
			<destination>system/modules/opencms.maven.project.template/elements</destination>
			<type>folder</type>
			<uuidstructure>bb4c4587-72df-11e6-a32a-acbc32cca443</uuidstructure>
			<datelastmodified>Sun, 04 Sep 2016 20:39:52 GMT</datelastmodified>
			<userlastmodified>Admin</userlastmodified>
			<datecreated>Sun, 04 Sep 2016 20:39:52 GMT</datecreated>
			<usercreated>Admin</usercreated>
			<flags>0</flags>
			<properties/>
			<relations/>
			<accesscontrol/>
		</file>
		<file>
			<source>system/modules/opencms.maven.project.template/elements/touch.txt</source>
			<destination>system/modules/opencms.maven.project.template/elements/touch.txt</destination>
			<type>plain</type>
			<uuidstructure>b44dc1c4-74eb-11e6-bc6f-acbc32cca443</uuidstructure>
			<uuidresource>b44dc1c5-74eb-11e6-bc6f-acbc32cca443</uuidresource>
			<datelastmodified>Wed, 07 Sep 2016 09:16:24 GMT</datelastmodified>
			<userlastmodified>Admin</userlastmodified>
			<datecreated>Wed, 07 Sep 2016 11:10:37 GMT</datecreated>
			<usercreated>Admin</usercreated>
			<flags>0</flags>
			<properties/>
			<relations/>
			<accesscontrol/>
		</file>
		<file>
			<destination>system/modules/opencms.maven.project.template/formatters</destination>
			<type>folder</type>
			<uuidstructure>bb4d7e09-72df-11e6-a32a-acbc32cca443</uuidstructure>
			<datelastmodified>Sun, 04 Sep 2016 20:39:52 GMT</datelastmodified>
			<userlastmodified>Admin</userlastmodified>
			<datecreated>Sun, 04 Sep 2016 20:39:52 GMT</datecreated>
			<usercreated>Admin</usercreated>
			<flags>0</flags>
			<properties/>
			<relations/>
			<accesscontrol/>
		</file>
		<file>
			<source>system/modules/opencms.maven.project.template/formatters/touch.txt</source>
			<destination>system/modules/opencms.maven.project.template/formatters/touch.txt</destination>
			<type>plain</type>
			<uuidstructure>b4500bb6-74eb-11e6-bc6f-acbc32cca443</uuidstructure>
			<uuidresource>b4500bb7-74eb-11e6-bc6f-acbc32cca443</uuidresource>
			<datelastmodified>Wed, 07 Sep 2016 09:16:24 GMT</datelastmodified>
			<userlastmodified>Admin</userlastmodified>
			<datecreated>Wed, 07 Sep 2016 11:10:37 GMT</datecreated>
			<usercreated>Admin</usercreated>
			<flags>0</flags>
			<properties/>
			<relations/>
			<accesscontrol/>
		</file>
		<file>
			<destination>system/modules/opencms.maven.project.template/functions</destination>
			<type>folder</type>
			<uuidstructure>b451e078-74eb-11e6-bc6f-acbc32cca443</uuidstructure>
			<datelastmodified>Wed, 07 Sep 2016 11:10:37 GMT</datelastmodified>
			<userlastmodified>Admin</userlastmodified>
			<datecreated>Wed, 07 Sep 2016 11:10:37 GMT</datecreated>
			<usercreated>Admin</usercreated>
			<flags>0</flags>
			<properties/>
			<relations/>
			<accesscontrol/>
		</file>
		<file>
			<source>system/modules/opencms.maven.project.template/functions/touch.txt</source>
			<destination>system/modules/opencms.maven.project.template/functions/touch.txt</destination>
			<type>plain</type>
			<uuidstructure>b453671a-74eb-11e6-bc6f-acbc32cca443</uuidstructure>
			<uuidresource>b453671b-74eb-11e6-bc6f-acbc32cca443</uuidresource>
			<datelastmodified>Wed, 07 Sep 2016 09:16:24 GMT</datelastmodified>
			<userlastmodified>Admin</userlastmodified>
			<datecreated>Wed, 07 Sep 2016 11:10:37 GMT</datecreated>
			<usercreated>Admin</usercreated>
			<flags>0</flags>
			<properties/>
			<relations/>
			<accesscontrol/>
		</file>
		<file>
			<destination>system/modules/opencms.maven.project.template/i18n</destination>
			<type>folder</type>
			<uuidstructure>b45562ec-74eb-11e6-bc6f-acbc32cca443</uuidstructure>
			<datelastmodified>Wed, 07 Sep 2016 11:10:37 GMT</datelastmodified>
			<userlastmodified>Admin</userlastmodified>
			<datecreated>Wed, 07 Sep 2016 11:10:37 GMT</datecreated>
			<usercreated>Admin</usercreated>
			<flags>0</flags>
			<properties/>
			<relations/>
			<accesscontrol/>
		</file>
		<file>
			<source>system/modules/opencms.maven.project.template/i18n/touch.txt</source>
			<destination>system/modules/opencms.maven.project.template/i18n/touch.txt</destination>
			<type>plain</type>
			<uuidstructure>b456c27e-74eb-11e6-bc6f-acbc32cca443</uuidstructure>
			<uuidresource>b456c27f-74eb-11e6-bc6f-acbc32cca443</uuidresource>
			<datelastmodified>Wed, 07 Sep 2016 09:16:24 GMT</datelastmodified>
			<userlastmodified>Admin</userlastmodified>
			<datecreated>Wed, 07 Sep 2016 11:10:37 GMT</datecreated>
			<usercreated>Admin</usercreated>
			<flags>0</flags>
			<properties/>
			<relations/>
			<accesscontrol/>
		</file>
		<file>
			<destination>system/modules/opencms.maven.project.template/lib</destination>
			<type>folder</type>
			<uuidstructure>bb514e9f-72df-11e6-a32a-acbc32cca443</uuidstructure>
			<datelastmodified>Sun, 04 Sep 2016 20:39:52 GMT</datelastmodified>
			<userlastmodified>Admin</userlastmodified>
			<datecreated>Sun, 04 Sep 2016 20:39:52 GMT</datecreated>
			<usercreated>Admin</usercreated>
			<flags>0</flags>
			<properties/>
			<relations/>
			<accesscontrol/>
		</file>
		<file>
			<source>system/modules/opencms.maven.project.template/lib/touch.txt</source>
			<destination>system/modules/opencms.maven.project.template/lib/touch.txt</destination>
			<type>plain</type>
			<uuidstructure>b458be50-74eb-11e6-bc6f-acbc32cca443</uuidstructure>
			<uuidresource>b458be51-74eb-11e6-bc6f-acbc32cca443</uuidresource>
			<datelastmodified>Wed, 07 Sep 2016 09:16:24 GMT</datelastmodified>
			<userlastmodified>Admin</userlastmodified>
			<datecreated>Wed, 07 Sep 2016 11:10:37 GMT</datecreated>
			<usercreated>Admin</usercreated>
			<flags>0</flags>
			<properties/>
			<relations/>
			<accesscontrol/>
		</file>
		<file>
			<destination>system/modules/opencms.maven.project.template/resources</destination>
			<type>folder</type>
			<uuidstructure>bb50161d-72df-11e6-a32a-acbc32cca443</uuidstructure>
			<datelastmodified>Sun, 04 Sep 2016 20:39:52 GMT</datelastmodified>
			<userlastmodified>Admin</userlastmodified>
			<datecreated>Sun, 04 Sep 2016 20:39:52 GMT</datecreated>
			<usercreated>Admin</usercreated>
			<flags>0</flags>
			<properties/>
			<relations/>
			<accesscontrol/>
		</file>
		<file>
			<source>system/modules/opencms.maven.project.template/resources/touch.txt</source>
			<destination>system/modules/opencms.maven.project.template/resources/touch.txt</destination>
			<type>plain</type>
			<uuidstructure>b45aba22-74eb-11e6-bc6f-acbc32cca443</uuidstructure>
			<uuidresource>b45aba23-74eb-11e6-bc6f-acbc32cca443</uuidresource>
			<datelastmodified>Wed, 07 Sep 2016 09:16:24 GMT</datelastmodified>
			<userlastmodified>Admin</userlastmodified>
			<datecreated>Wed, 07 Sep 2016 11:10:37 GMT</datecreated>
			<usercreated>Admin</usercreated>
			<flags>0</flags>
			<properties/>
			<relations/>
			<accesscontrol/>
		</file>
		<file>
			<destination>system/modules/opencms.maven.project.template/schemas</destination>
			<type>folder</type>
			<uuidstructure>bb4eb68b-72df-11e6-a32a-acbc32cca443</uuidstructure>
			<datelastmodified>Sun, 04 Sep 2016 20:39:52 GMT</datelastmodified>
			<userlastmodified>Admin</userlastmodified>
			<datecreated>Sun, 04 Sep 2016 20:39:52 GMT</datecreated>
			<usercreated>Admin</usercreated>
			<flags>0</flags>
			<properties/>
			<relations/>
			<accesscontrol/>
		</file>
		<file>
			<source>system/modules/opencms.maven.project.template/schemas/touch.txt</source>
			<destination>system/modules/opencms.maven.project.template/schemas/touch.txt</destination>
			<type>plain</type>
			<uuidstructure>b45cb5f4-74eb-11e6-bc6f-acbc32cca443</uuidstructure>
			<uuidresource>b45cb5f5-74eb-11e6-bc6f-acbc32cca443</uuidresource>
			<datelastmodified>Wed, 07 Sep 2016 09:16:24 GMT</datelastmodified>
			<userlastmodified>Admin</userlastmodified>
			<datecreated>Wed, 07 Sep 2016 11:10:37 GMT</datecreated>
			<usercreated>Admin</usercreated>
			<flags>0</flags>
			<properties/>
			<relations/>
			<accesscontrol/>
		</file>
		<file>
			<destination>system/modules/opencms.maven.project.template/templates</destination>
			<type>folder</type>
			<uuidstructure>bb4a97d5-72df-11e6-a32a-acbc32cca443</uuidstructure>
			<datelastmodified>Sun, 04 Sep 2016 20:39:52 GMT</datelastmodified>
			<userlastmodified>Admin</userlastmodified>
			<datecreated>Sun, 04 Sep 2016 20:39:52 GMT</datecreated>
			<usercreated>Admin</usercreated>
			<flags>0</flags>
			<properties/>
			<relations/>
			<accesscontrol/>
		</file>
		<file>
			<source>system/modules/opencms.maven.project.template/templates/touch.txt</source>
			<destination>system/modules/opencms.maven.project.template/templates/touch.txt</destination>
			<type>plain</type>
			<uuidstructure>b45e8ab6-74eb-11e6-bc6f-acbc32cca443</uuidstructure>
			<uuidresource>b45e8ab7-74eb-11e6-bc6f-acbc32cca443</uuidresource>
			<datelastmodified>Wed, 07 Sep 2016 09:16:24 GMT</datelastmodified>
			<userlastmodified>Admin</userlastmodified>
			<datecreated>Wed, 07 Sep 2016 11:10:37 GMT</datecreated>
			<usercreated>Admin</usercreated>
			<flags>0</flags>
			<properties/>
			<relations/>
			<accesscontrol/>
		</file>
	</files>
</export>
